[{"name":"frame_blob.png","url":"image/frames/frame_blob.png"},{"name":"frame_circle.png","url":"image/frames/frame_circle.png"},{"name":"frame_diamond.png","url":"image/frames/frame_diamond.png"},{"name":"frame_hexagon.png","url":"image/frames/frame_hexagon.png"},{"name":"frame_square.png","url":"image/frames/frame_square.png"},{"name":"frame_star.png","url":"image/frames/frame_star.png"},{"name":"frame_triangledown.png","url":"image/frames/frame_triangledown.png"},{"name":"frame_triangleup.png","url":"image/frames/frame_triangleup.png"}]